"Time (UTCG)","x (km)","y (km)","z (km)","vx (km/sec)","vy (km/sec)","vz (km/sec)"
1 Jul 2024 00:00:00.000,-627.334335,-6841.611724,0.023783,-0.974310,0.089365,7.554226
1 Jul 2024 00:00:10.000,-637.038626,-6840.297035,75.564494,-0.966528,0.173570,7.553760
1 Jul 2024 00:00:20.000,-646.664501,-6838.140389,151.095883,-0.958627,0.257755,7.552362
1 Jul 2024 00:00:30.000,-656.210773,-6835.142050,226.608627,-0.950608,0.341907,7.550031
1 Jul 2024 00:00:40.000,-665.676270,-6831.302392,302.093406,-0.942472,0.426017,7.546769
1 Jul 2024 00:00:50.000,-675.059825,-6826.621888,377.540902,-0.934220,0.510074,7.542575
1 Jul 2024 00:01:00.000,-684.360285,-6821.101120,452.941804,-0.925853,0.594068,7.537450
1 Jul 2024 00:01:10.000,-693.576504,-6814.740773,528.286804,-0.917372,0.677988,7.531395
1 Jul 2024 00:01:20.000,-702.707350,-6807.541635,603.566603,-0.908778,0.761824,7.524410
1 Jul 2024 00:01:30.000,-711.751699,-6799.504601,678.771910,-0.900073,0.845566,7.516497
1 Jul 2024 00:01:40.000,-720.708438,-6790.630667,753.893444,-0.891257,0.929203,7.507656
1 Jul 2024 00:01:50.000,-729.576467,-6780.920935,828.921932,-0.882331,1.012724,7.497888
1 Jul 2024 00:02:00.000,-738.354694,-6770.376610,903.848117,-0.873297,1.096119,7.487195
1 Jul 2024 00:02:10.000,-747.042041,-6758.999003,978.662751,-0.864155,1.179379,7.475578
1 Jul 2024 00:02:20.000,-755.637439,-6746.789524,1053.356603,-0.854907,1.262492,7.463039
1 Jul 2024 00:02:30.000,-764.139833,-6733.749690,1127.920455,-0.845554,1.345448,7.449578
1 Jul 2024 00:02:40.000,-772.548178,-6719.881119,1202.345107,-0.836097,1.428237,7.435199
1 Jul 2024 00:02:50.000,-780.861440,-6705.185535,1276.621377,-0.826538,1.510849,7.419902
1 Jul 2024 00:03:00.000,-789.078598,-6689.664761,1350.740100,-0.816877,1.593274,7.403690
1 Jul 2024 00:03:10.000,-797.198644,-6673.320723,1424.692133,-0.807116,1.675500,7.386565
1 Jul 2024 00:03:20.000,-805.220579,-6656.155452,1498.468353,-0.797255,1.757519,7.368528
1 Jul 2024 00:03:30.000,-813.143420,-6638.171078,1572.059660,-0.787297,1.839319,7.349582
1 Jul 2024 00:03:40.000,-820.966193,-6619.369834,1645.456976,-0.777242,1.920891,7.329730
1 Jul 2024 00:03:50.000,-828.687939,-6599.754054,1718.651250,-0.767092,2.002225,7.308974
1 Jul 2024 00:04:00.000,-836.307710,-6579.326172,1791.633454,-0.756847,2.083310,7.287317
1 Jul 2024 00:04:10.000,-843.824572,-6558.088724,1864.394589,-0.746510,2.164136,7.264761
1 Jul 2024 00:04:20.000,-851.237602,-6536.044347,1936.925683,-0.736081,2.244694,7.241309
1 Jul 2024 00:04:30.000,-858.545892,-6513.195774,2009.217794,-0.725562,2.324973,7.216965
1 Jul 2024 00:04:40.000,-865.748545,-6489.545843,2081.262008,-0.714954,2.404964,7.191730
1 Jul 2024 00:04:50.000,-872.844679,-6465.097488,2153.049446,-0.704258,2.484656,7.165610
1 Jul 2024 00:05:00.000,-879.833424,-6439.853742,2224.571259,-0.693476,2.564041,7.138606
1 Jul 2024 00:05:10.000,-886.713924,-6413.817737,2295.818632,-0.682610,2.643107,7.110722
1 Jul 2024 00:05:20.000,-893.485337,-6386.992703,2366.782784,-0.671659,2.721845,7.081962
1 Jul 2024 00:05:30.000,-900.146832,-6359.381968,2437.454973,-0.660626,2.800245,7.052330
1 Jul 2024 00:05:40.000,-906.697595,-6330.988955,2507.826490,-0.649513,2.878299,7.021829
1 Jul 2024 00:05:50.000,-913.136824,-6301.817186,2577.888665,-0.638320,2.955995,6.990463
1 Jul 2024 00:06:00.000,-919.463731,-6271.870280,2647.632870,-0.627049,3.033325,6.958235
1 Jul 2024 00:06:10.000,-925.677543,-6241.151947,2717.050514,-0.615701,3.110278,6.925151
1 Jul 2024 00:06:20.000,-931.777498,-6209.665998,2786.133047,-0.604278,3.186846,6.891214
1 Jul 2024 00:06:30.000,-937.762853,-6177.416335,2854.871964,-0.592781,3.263020,6.856428
1 Jul 2024 00:06:40.000,-943.632874,-6144.406955,2923.258801,-0.581212,3.338788,6.820799
1 Jul 2024 00:06:50.000,-949.386846,-6110.641949,2991.285140,-0.569571,3.414143,6.784329
1 Jul 2024 00:07:00.000,-955.024066,-6076.125500,3058.942606,-0.557861,3.489075,6.747025
1 Jul 2024 00:07:10.000,-960.543845,-6040.861886,3126.222874,-0.546083,3.563575,6.708890
1 Jul 2024 00:07:20.000,-965.945510,-6004.855474,3193.117664,-0.534239,3.637633,6.669930
1 Jul 2024 00:07:30.000,-971.228402,-5968.110724,3259.618745,-0.522329,3.711241,6.630149
1 Jul 2024 00:07:40.000,-976.391877,-5930.632187,3325.717935,-0.510356,3.784389,6.589553
1 Jul 2024 00:07:50.000,-981.435306,-5892.424504,3391.407103,-0.498320,3.857069,6.548146
1 Jul 2024 00:08:00.000,-986.358074,-5853.492404,3456.678171,-0.486224,3.929271,6.505934
1 Jul 2024 00:08:10.000,-991.159583,-5813.840707,3521.523110,-0.474068,4.000987,6.462921
1 Jul 2024 00:08:20.000,-995.839247,-5773.474320,3585.933949,-0.461855,4.072207,6.419114
1 Jul 2024 00:08:30.000,-1000.396498,-5732.398238,3649.902767,-0.449586,4.142924,6.374518
1 Jul 2024 00:08:40.000,-1004.830782,-5690.617545,3713.421701,-0.437262,4.213128,6.329138
1 Jul 2024 00:08:50.000,-1009.141559,-5648.137408,3776.482943,-0.424885,4.282811,6.282981
1 Jul 2024 00:09:00.000,-1013.328306,-5604.963081,3839.078743,-0.412456,4.351965,6.236051
1 Jul 2024 00:09:10.000,-1017.390514,-5561.099905,3901.201410,-0.399977,4.420580,6.188355
1 Jul 2024 00:09:20.000,-1021.327692,-5516.553303,3962.843311,-0.387450,4.488649,6.139899
1 Jul 2024 00:09:30.000,-1025.139361,-5471.328782,4023.996872,-0.374876,4.556162,6.090688
1 Jul 2024 00:09:40.000,-1028.825060,-5425.431934,4084.654583,-0.362256,4.623113,6.040730
1 Jul 2024 00:09:50.000,-1032.384342,-5378.868430,4144.808993,-0.349593,4.689492,5.990029
1 Jul 2024 00:10:00.000,-1035.816776,-5331.644025,4204.452716,-0.336887,4.755292,5.938593
1 Jul 2024 00:10:10.000,-1039.121948,-5283.764554,4263.578427,-0.324141,4.820504,5.886428
1 Jul 2024 00:10:20.000,-1042.299458,-5235.235933,4322.178870,-0.311355,4.885121,5.833540
1 Jul 2024 00:10:30.000,-1045.348921,-5186.064155,4380.246850,-0.298532,4.949134,5.779937
1 Jul 2024 00:10:40.000,-1048.269970,-5136.255295,4437.775240,-0.285672,5.012536,5.725624
1 Jul 2024 00:10:50.000,-1051.062253,-5085.815502,4494.756982,-0.272779,5.075319,5.670608
1 Jul 2024 00:11:00.000,-1053.725434,-5034.751006,4551.185084,-0.259852,5.137475,5.614897
1 Jul 2024 00:11:10.000,-1056.259191,-4983.068110,4607.052623,-0.246894,5.198998,5.558497
1 Jul 2024 00:11:20.000,-1058.663220,-4930.773193,4662.352746,-0.233907,5.259878,5.501415
1 Jul 2024 00:11:30.000,-1060.937233,-4877.872711,4717.078672,-0.220891,5.320110,5.443658
1 Jul 2024 00:11:40.000,-1063.080956,-4824.373190,4771.223690,-0.207849,5.379685,5.385235
1 Jul 2024 00:11:50.000,-1065.094134,-4770.281233,4824.781162,-0.194782,5.438596,5.326150
1 Jul 2024 00:12:00.000,-1066.976525,-4715.603511,4877.744522,-0.181692,5.496836,5.266413
1 Jul 2024 00:12:10.000,-1068.727906,-4660.346769,4930.107279,-0.168580,5.554399,5.206031
1 Jul 2024 00:12:20.000,-1070.348066,-4604.517822,4981.863017,-0.155449,5.611276,5.145011
1 Jul 2024 00:12:30.000,-1071.836815,-4548.123554,5033.005393,-0.142298,5.667462,5.083360
1 Jul 2024 00:12:40.000,-1073.193975,-4491.170918,5083.528142,-0.129131,5.722949,5.021087
1 Jul 2024 00:12:50.000,-1074.419387,-4433.666933,5133.425077,-0.115949,5.777730,4.958198
1 Jul 2024 00:13:00.000,-1075.512907,-4375.618688,5182.690085,-0.102753,5.831800,4.894703
1 Jul 2024 00:13:10.000,-1076.474407,-4317.033336,5231.317135,-0.089545,5.885151,4.830608
1 Jul 2024 00:13:20.000,-1077.303775,-4257.918094,5279.300273,-0.076327,5.937776,4.765922
1 Jul 2024 00:13:30.000,-1078.000915,-4198.280245,5326.633625,-0.063100,5.989671,4.700652
1 Jul 2024 00:13:40.000,-1078.565749,-4138.127135,5373.311396,-0.049866,6.040828,4.634807
1 Jul 2024 00:13:50.000,-1078.998214,-4077.466172,5419.327876,-0.036626,6.091241,4.568395
1 Jul 2024 00:14:00.000,-1079.298263,-4016.304824,5464.677433,-0.023383,6.140903,4.501424
1 Jul 2024 00:14:10.000,-1079.465864,-3954.650621,5509.354517,-0.010137,6.189810,4.433902
1 Jul 2024 00:14:20.000,-1079.501005,-3892.511154,5553.353665,0.003109,6.237956,4.365838
1 Jul 2024 00:14:30.000,-1079.403685,-3829.894068,5596.669493,0.016354,6.285333,4.297240
1 Jul 2024 00:14:40.000,-1079.173924,-3766.807069,5639.296703,0.029597,6.331937,4.228116
1 Jul 2024 00:14:50.000,-1078.811755,-3703.257920,5681.230084,0.042836,6.377762,4.158475
1 Jul 2024 00:15:00.000,-1078.317228,-3639.254439,5722.464507,0.056068,6.422803,4.088326
1 Jul 2024 00:15:10.000,-1077.690411,-3574.804496,5762.994931,0.069294,6.467054,4.017676
1 Jul 2024 00:15:20.000,-1076.931385,-3509.916019,5802.816400,0.082510,6.510509,3.946536
1 Jul 2024 00:15:30.000,-1076.040248,-3444.596987,5841.924047,0.095715,6.553164,3.874914
1 Jul 2024 00:15:40.000,-1075.017117,-3378.855430,5880.313091,0.108909,6.595013,3.802817
1 Jul 2024 00:15:50.000,-1073.862121,-3312.699430,5917.978841,0.122088,6.636051,3.730256
1 Jul 2024 00:16:00.000,-1072.575408,-3246.137119,5954.916694,0.135252,6.676274,3.657239
1 Jul 2024 00:16:10.000,-1071.157139,-3179.176677,5991.122135,0.148399,6.715677,3.583775
1 Jul 2024 00:16:20.000,-1069.607495,-3111.826332,6026.590741,0.161527,6.754254,3.509874
1 Jul 2024 00:16:30.000,-1067.926670,-3044.094361,6061.318179,0.174635,6.792002,3.435543
1 Jul 2024 00:16:40.000,-1066.114875,-2975.989083,6095.300205,0.187721,6.828915,3.360793
1 Jul 2024 00:16:50.000,-1064.172337,-2907.518866,6128.532668,0.200783,6.864989,3.285632
1 Jul 2024 00:17:00.000,-1062.099299,-2838.692119,6161.011509,0.213820,6.900220,3.210070
1 Jul 2024 00:17:10.000,-1059.896018,-2769.517294,6192.732760,0.226831,6.934604,3.134116
1 Jul 2024 00:17:20.000,-1057.562770,-2700.002887,6223.692548,0.239814,6.968136,3.057779
1 Jul 2024 00:17:30.000,-1055.099845,-2630.157432,6253.887091,0.252766,7.000812,2.981068
1 Jul 2024 00:17:40.000,-1052.507549,-2559.989505,6283.312702,0.265688,7.032630,2.903994
1 Jul 2024 00:17:50.000,-1049.786203,-2489.507720,6311.965786,0.278576,7.063583,2.826565
1 Jul 2024 00:18:00.000,-1046.936145,-2418.720727,6339.842846,0.291430,7.093670,2.748790
1 Jul 2024 00:18:10.000,-1043.957729,-2347.637215,6366.940477,0.304247,7.122887,2.670681
1 Jul 2024 00:18:20.000,-1040.851323,-2276.265907,6393.255370,0.317027,7.151229,2.592245
1 Jul 2024 00:18:30.000,-1037.617311,-2204.615561,6418.784313,0.329768,7.178694,2.513492
1 Jul 2024 00:18:40.000,-1034.256093,-2132.694970,6443.524187,0.342468,7.205278,2.434433
1 Jul 2024 00:18:50.000,-1030.768084,-2060.512955,6467.471973,0.355126,7.230978,2.355076
1 Jul 2024 00:19:00.000,-1027.153716,-1988.078374,6490.624746,0.367740,7.255791,2.275432
1 Jul 2024 00:19:10.000,-1023.413433,-1915.400110,6512.979680,0.380309,7.279714,2.195510
1 Jul 2024 00:19:20.000,-1019.547698,-1842.487078,6534.534044,0.392830,7.302744,2.115319
1 Jul 2024 00:19:30.000,-1015.556987,-1769.348221,6555.285207,0.405304,7.324878,2.034871
1 Jul 2024 00:19:40.000,-1011.441792,-1695.992508,6575.230634,0.417727,7.346114,1.954174
1 Jul 2024 00:19:50.000,-1007.202619,-1622.428935,6594.367890,0.430099,7.366450,1.873238
1 Jul 2024 00:20:00.000,-1002.839990,-1548.666521,6612.694637,0.442418,7.385882,1.792074
1 Jul 2024 00:20:10.000,-998.354443,-1474.714311,6630.208636,0.454682,7.404409,1.710690
1 Jul 2024 00:20:20.000,-993.746529,-1400.581372,6646.907748,0.466891,7.422028,1.629098
1 Jul 2024 00:20:30.000,-989.016814,-1326.276791,6662.789933,0.479042,7.438737,1.547307
1 Jul 2024 00:20:40.000,-984.165880,-1251.809678,6677.853248,0.491135,7.454534,1.465326
1 Jul 2024 00:20:50.000,-979.194324,-1177.189161,6692.095853,0.503167,7.469417,1.383166
1 Jul 2024 00:21:00.000,-974.102755,-1102.424385,6705.516006,0.515137,7.483385,1.300837
1 Jul 2024 00:21:10.000,-968.891799,-1027.524516,6718.112066,0.527044,7.496436,1.218349
1 Jul 2024 00:21:20.000,-963.562096,-952.498733,6729.882491,0.538886,7.508568,1.135712
1 Jul 2024 00:21:30.000,-958.114299,-877.356231,6740.825839,0.550662,7.519779,1.052936
1 Jul 2024 00:21:40.000,-952.549077,-802.106220,6750.940772,0.562371,7.530069,0.970030
1 Jul 2024 00:21:50.000,-946.867113,-726.757921,6760.226048,0.574010,7.539437,0.887006
1 Jul 2024 00:22:00.000,-941.069104,-651.320568,6768.680530,0.585580,7.547880,0.803873
1 Jul 2024 00:22:10.000,-935.155759,-575.803406,6776.303178,0.597077,7.555398,0.720641
1 Jul 2024 00:22:20.000,-929.127805,-500.215690,6783.093056,0.608501,7.561991,0.637321
1 Jul 2024 00:22:30.000,-922.985979,-424.566682,6789.049329,0.619851,7.567656,0.553922
1 Jul 2024 00:22:40.000,-916.731034,-348.865652,6794.171261,0.631125,7.572395,0.470454
1 Jul 2024 00:22:50.000,-910.363737,-273.121878,6798.458220,0.642321,7.576205,0.386929
1 Jul 2024 00:23:00.000,-903.884868,-197.344641,6801.909675,0.653439,7.579087,0.303355
1 Jul 2024 00:23:10.000,-897.295219,-121.543227,6804.525195,0.664477,7.581041,0.219743
1 Jul 2024 00:23:20.000,-890.595598,-45.726927,6806.304452,0.675434,7.582065,0.136104
1 Jul 2024 00:23:30.000,-883.786825,30.094970,6807.247219,0.686307,7.582160,0.052447
1 Jul 2024 00:23:40.000,-876.869733,105.913171,6807.353370,0.697097,7.581326,-0.031217
1 Jul 2024 00:23:50.000,-869.845169,181.718384,6806.622883,0.707801,7.579562,-0.114879
1 Jul 2024 00:24:00.000,-862.713993,257.501318,6805.055834,0.718419,7.576870,-0.198528
1 Jul 2024 00:24:10.000,-855.477077,333.252686,6802.652406,0.728949,7.573249,-0.282153
1 Jul 2024 00:24:20.000,-848.135308,408.963202,6799.412878,0.739390,7.568700,-0.365746
1 Jul 2024 00:24:30.000,-840.689582,484.623588,6795.337633,0.749740,7.563223,-0.449295
1 Jul 2024 00:24:40.000,-833.140813,560.224567,6790.427158,0.759999,7.556819,-0.532790
1 Jul 2024 00:24:50.000,-825.489922,635.756875,6784.682037,0.770164,7.549488,-0.616222
1 Jul 2024 00:25:00.000,-817.737845,711.211250,6778.102959,0.780235,7.541232,-0.699580
1 Jul 2024 00:25:10.000,-809.885532,786.578442,6770.690713,0.790211,7.532052,-0.782854
1 Jul 2024 00:25:20.000,-801.933942,861.849212,6762.446190,0.800090,7.521948,-0.866034
1 Jul 2024 00:25:30.000,-793.884049,937.014330,6753.370380,0.809872,7.510922,-0.949110
1 Jul 2024 00:25:40.000,-785.736835,1012.064580,6743.464378,0.819554,7.498975,-1.032071
1 Jul 2024 00:25:50.000,-777.493299,1086.990758,6732.729377,0.829136,7.486108,-1.114908
1 Jul 2024 00:26:00.000,-769.154447,1161.783675,6721.166671,0.838617,7.472323,-1.197610
1 Jul 2024 00:26:10.000,-760.721301,1236.434160,6708.777656,0.847995,7.457621,-1.280168
1 Jul 2024 00:26:20.000,-752.194890,1310.933054,6695.563828,0.857270,7.442005,-1.362571
1 Jul 2024 00:26:30.000,-743.576257,1385.271219,6681.526784,0.866439,7.425476,-1.444809
1 Jul 2024 00:26:40.000,-734.866457,1459.439536,6666.668221,0.875503,7.408036,-1.526873
1 Jul 2024 00:26:50.000,-726.066555,1533.428904,6650.989934,0.884460,7.389687,-1.608752
1 Jul 2024 00:27:00.000,-717.177625,1607.230245,6634.493822,0.893308,7.370431,-1.690437
1 Jul 2024 00:27:10.000,-708.200755,1680.834502,6617.181880,0.902047,7.350270,-1.771917
1 Jul 2024 00:27:20.000,-699.137043,1754.232641,6599.056205,0.910677,7.329207,-1.853182
1 Jul 2024 00:27:30.000,-689.987596,1827.415653,6580.118991,0.919194,7.307245,-1.934223
1 Jul 2024 00:27:40.000,-680.753534,1900.374553,6560.372533,0.927599,7.284386,-2.015029
1 Jul 2024 00:27:50.000,-671.435985,1973.100385,6539.819224,0.935891,7.260632,-2.095591
1 Jul 2024 00:28:00.000,-662.036088,2045.584217,6518.461556,0.944069,7.235986,-2.175899
1 Jul 2024 00:28:10.000,-652.554993,2117.817149,6496.302118,0.952131,7.210452,-2.255943
1 Jul 2024 00:28:20.000,-642.993858,2189.790308,6473.343599,0.960076,7.184032,-2.335714
1 Jul 2024 00:28:30.000,-633.353854,2261.494853,6449.588783,0.967905,7.156730,-2.415201
1 Jul 2024 00:28:40.000,-623.636158,2332.921975,6425.040555,0.975615,7.128548,-2.494395
1 Jul 2024 00:28:50.000,-613.841959,2404.062897,6399.701894,0.983205,7.099490,-2.573286
1 Jul 2024 00:29:00.000,-603.972455,2474.908876,6373.575878,0.990676,7.069560,-2.651864
1 Jul 2024 00:29:10.000,-594.028852,2545.451205,6346.665679,0.998025,7.038761,-2.730121
1 Jul 2024 00:29:20.000,-584.012366,2615.681212,6318.974567,1.005252,7.007096,-2.808045
1 Jul 2024 00:29:30.000,-573.924222,2685.590262,6290.505908,1.012356,6.974570,-2.885629
1 Jul 2024 00:29:40.000,-563.765655,2755.169759,6261.263162,1.019337,6.941187,-2.962861
1 Jul 2024 00:29:50.000,-553.537906,2824.411147,6231.249885,1.026192,6.906949,-3.039733
1 Jul 2024 00:30:00.000,-543.242227,2893.305907,6200.469726,1.032923,6.871862,-3.116236
1 Jul 2024 00:30:10.000,-532.879877,2961.845564,6168.926430,1.039526,6.835929,-3.192359
1 Jul 2024 00:30:20.000,-522.452123,3030.021685,6136.623835,1.046003,6.799155,-3.268094
1 Jul 2024 00:30:30.000,-511.960243,3097.825879,6103.565873,1.052352,6.761545,-3.343431
1 Jul 2024 00:30:40.000,-501.405518,3165.249802,6069.756568,1.058572,6.723102,-3.418361
1 Jul 2024 00:30:50.000,-490.789242,3232.285152,6035.200036,1.064662,6.683831,-3.492875
1 Jul 2024 00:31:00.000,-480.112713,3298.923676,5999.900486,1.070622,6.643737,-3.566963
1 Jul 2024 00:31:10.000,-469.377238,3365.157167,5963.862218,1.076451,6.602825,-3.640617
1 Jul 2024 00:31:20.000,-458.584130,3430.977468,5927.089624,1.082148,6.561100,-3.713827
1 Jul 2024 00:31:30.000,-447.734713,3496.376469,5889.587184,1.087713,6.518566,-3.786585
1 Jul 2024 00:31:40.000,-436.830313,3561.346113,5851.359471,1.093145,6.475229,-3.858880
1 Jul 2024 00:31:50.000,-425.872266,3625.878393,5812.411146,1.098442,6.431094,-3.930706
1 Jul 2024 00:32:00.000,-414.861914,3689.965354,5772.746959,1.103606,6.386166,-4.002051
1 Jul 2024 00:32:10.000,-403.800605,3753.599096,5732.371748,1.108634,6.340451,-4.072909
1 Jul 2024 00:32:20.000,-392.689696,3816.771772,5691.290439,1.113526,6.293954,-4.143269
1 Jul 2024 00:32:30.000,-381.530546,3879.475591,5649.508048,1.118281,6.246681,-4.213124
1 Jul 2024 00:32:40.000,-370.324524,3941.702818,5607.029673,1.122900,6.198637,-4.282464
1 Jul 2024 00:32:50.000,-359.073002,4003.445776,5563.860502,1.127381,6.149828,-4.351282
1 Jul 2024 00:33:00.000,-347.777361,4064.696846,5520.005807,1.131724,6.100260,-4.419568
1 Jul 2024 00:33:10.000,-336.438983,4125.448467,5475.470945,1.135928,6.049939,-4.487314
1 Jul 2024 00:33:20.000,-325.059261,4185.693140,5430.261358,1.139993,5.998871,-4.554511
1 Jul 2024 00:33:30.000,-313.639589,4245.423427,5384.382571,1.143918,5.947063,-4.621152
1 Jul 2024 00:33:40.000,-302.181368,4304.631951,5337.840193,1.147703,5.894520,-4.687228
1 Jul 2024 00:33:50.000,-290.686003,4363.311399,5290.639913,1.151347,5.841249,-4.752731
1 Jul 2024 00:34:00.000,-279.154904,4421.454522,5242.787506,1.154849,5.787256,-4.817653
1 Jul 2024 00:34:10.000,-267.589487,4479.054134,5194.288824,1.158210,5.732548,-4.881985
1 Jul 2024 00:34:20.000,-255.991171,4536.103117,5145.149801,1.161429,5.677131,-4.945720
1 Jul 2024 00:34:30.000,-244.361379,4592.594419,5095.376451,1.164505,5.621013,-5.008849
1 Jul 2024 00:34:40.000,-232.701539,4648.521055,5044.974867,1.167439,5.564199,-5.071365
1 Jul 2024 00:34:50.000,-221.013083,4703.876110,4993.951219,1.170229,5.506698,-5.133260
1 Jul 2024 00:35:00.000,-209.297445,4758.652737,4942.311756,1.172875,5.448515,-5.194527
1 Jul 2024 00:35:10.000,-197.556065,4812.844159,4890.062804,1.175377,5.389658,-5.255157
1 Jul 2024 00:35:20.000,-185.790384,4866.443671,4837.210763,1.177735,5.330134,-5.315143
1 Jul 2024 00:35:30.000,-174.001848,4919.444640,4783.762109,1.179948,5.269950,-5.374478
1 Jul 2024 00:35:40.000,-162.191906,4971.840504,4729.723394,1.182016,5.209114,-5.433154
1 Jul 2024 00:35:50.000,-150.362008,5023.624777,4675.101243,1.183939,5.147633,-5.491164
1 Jul 2024 00:36:00.000,-138.513608,5074.791046,4619.902353,1.185717,5.085515,-5.548501
1 Jul 2024 00:36:10.000,-126.648164,5125.332973,4564.133493,1.187348,5.022766,-5.605157
1 Jul 2024 00:36:20.000,-114.767132,5175.244298,4507.801505,1.188834,4.959396,-5.661125
1 Jul 2024 00:36:30.000,-102.871974,5224.518835,4450.913301,1.190173,4.895410,-5.716399
1 Jul 2024 00:36:40.000,-90.964154,5273.150479,4393.475861,1.191366,4.830818,-5.770971
1 Jul 2024 00:36:50.000,-79.045134,5321.133200,4335.496235,1.192413,4.765627,-5.824835
1 Jul 2024 00:37:00.000,-67.116381,5368.461049,4276.981543,1.193313,4.699845,-5.877984
1 Jul 2024 00:37:10.000,-55.179363,5415.128158,4217.938968,1.194066,4.633480,-5.930410
1 Jul 2024 00:37:20.000,-43.235548,5461.128737,4158.375764,1.194672,4.566541,-5.982109
1 Jul 2024 00:37:30.000,-31.286407,5506.457080,4098.299245,1.195132,4.499034,-6.033072
1 Jul 2024 00:37:40.000,-19.333408,5551.107562,4037.716795,1.195444,4.430970,-6.083294
1 Jul 2024 00:37:50.000,-7.378024,5595.074642,3976.635858,1.195609,4.362355,-6.132768
1 Jul 2024 00:38:00.000,4.578274,5638.352861,3915.063942,1.195626,4.293199,-6.181489
1 Jul 2024 00:38:10.000,16.534013,5680.936846,3853.008618,1.195497,4.223510,-6.229449
1 Jul 2024 00:38:20.000,28.487722,5722.821309,3790.477515,1.195220,4.153296,-6.276643
1 Jul 2024 00:38:30.000,40.437929,5764.001047,3727.478324,1.194797,4.082566,-6.323066
1 Jul 2024 00:38:40.000,52.383162,5804.470944,3664.018795,1.194226,4.011329,-6.368710
1 Jul 2024 00:38:50.000,64.321949,5844.225970,3600.106737,1.193507,3.939594,-6.413571
1 Jul 2024 00:39:00.000,76.252820,5883.261186,3535.750014,1.192642,3.867369,-6.457642
1 Jul 2024 00:39:10.000,88.174305,5921.571738,3470.956547,1.191630,3.794663,-6.500918
1 Jul 2024 00:39:20.000,100.084934,5959.152863,3405.734314,1.190471,3.721485,-6.543394
1 Jul 2024 00:39:30.000,111.983241,5995.999888,3340.091344,1.189166,3.647844,-6.585065
1 Jul 2024 00:39:40.000,123.867758,6032.108230,3274.035723,1.187713,3.573749,-6.625924
1 Jul 2024 00:39:50.000,135.737021,6067.473395,3207.575586,1.186115,3.499210,-6.665967
1 Jul 2024 00:40:00.000,147.589566,6102.090984,3140.719122,1.184370,3.424236,-6.705189
1 Jul 2024 00:40:10.000,159.423933,6135.956689,3073.474568,1.182479,3.348835,-6.743584
1 Jul 2024 00:40:20.000,171.238661,6169.066294,3005.850211,1.180442,3.273017,-6.781148
1 Jul 2024 00:40:30.000,183.032294,6201.415677,2937.854388,1.178260,3.196792,-6.817877
1 Jul 2024 00:40:40.000,194.803378,6233.000810,2869.495480,1.175932,3.120169,-6.853764
1 Jul 2024 00:40:50.000,206.550460,6263.817759,2800.781918,1.173460,3.043157,-6.888807
1 Jul 2024 00:41:00.000,218.272092,6293.862686,2731.722174,1.170842,2.965766,-6.923000
1 Jul 2024 00:41:10.000,229.966827,6323.131847,2662.324768,1.168081,2.888005,-6.956339
1 Jul 2024 00:41:20.000,241.633222,6351.621596,2592.598260,1.165175,2.809885,-6.988819
1 Jul 2024 00:41:30.000,253.269839,6379.328381,2522.551253,1.162125,2.731414,-7.020438
1 Jul 2024 00:41:40.000,264.875241,6406.248750,2452.192392,1.158932,2.652603,-7.051190
1 Jul 2024 00:41:50.000,276.447996,6432.379347,2381.530360,1.155596,2.573462,-7.081071
1 Jul 2024 00:42:00.000,287.986676,6457.716914,2310.573879,1.152117,2.493999,-7.110079
1 Jul 2024 00:42:10.000,299.489856,6482.258291,2239.331710,1.148496,2.414225,-7.138208
1 Jul 2024 00:42:20.000,310.956117,6506.000417,2167.812649,1.144733,2.334151,-7.165457
1 Jul 2024 00:42:30.000,322.384043,6528.940333,2096.025528,1.140829,2.253785,-7.191820
1 Jul 2024 00:42:40.000,333.772223,6551.075175,2023.979212,1.136784,2.173138,-7.217295
1 Jul 2024 00:42:50.000,345.119252,6572.402182,1951.682601,1.132599,2.092219,-7.241878
1 Jul 2024 00:43:00.000,356.423728,6592.918693,1879.144625,1.128273,2.011040,-7.265567
1 Jul 2024 00:43:10.000,367.684257,6612.622149,1806.374247,1.123809,1.929610,-7.288358
1 Jul 2024 00:43:20.000,378.899447,6631.510089,1733.380459,1.119206,1.847939,-7.310249
1 Jul 2024 00:43:30.000,390.067913,6649.580156,1660.172279,1.114464,1.766037,-7.331236
1 Jul 2024 00:43:40.000,401.188277,6666.830095,1586.758756,1.109585,1.683915,-7.351317
1 Jul 2024 00:43:50.000,412.259166,6683.257751,1513.148964,1.104569,1.601582,-7.370490
1 Jul 2024 00:44:00.000,423.279213,6698.861074,1439.352000,1.099417,1.519050,-7.388751
1 Jul 2024 00:44:10.000,434.247056,6713.638115,1365.376989,1.094129,1.436328,-7.406099
1 Jul 2024 00:44:20.000,445.161342,6727.587028,1291.233074,1.088706,1.353426,-7.422531
1 Jul 2024 00:44:30.000,456.020722,6740.706071,1216.929425,1.083148,1.270355,-7.438046
1 Jul 2024 00:44:40.000,466.823856,6752.993604,1142.475226,1.077457,1.187126,-7.452640
1 Jul 2024 00:44:50.000,477.569410,6764.448092,1067.879687,1.071632,1.103748,-7.466314
1 Jul 2024 00:45:00.000,488.256058,6775.068104,993.152031,1.065675,1.020232,-7.479063
1 Jul 2024 00:45:10.000,498.882478,6784.852312,918.301501,1.059587,0.936589,-7.490888
1 Jul 2024 00:45:20.000,509.447361,6793.799493,843.337354,1.053368,0.852829,-7.501787
1 Jul 2024 00:45:30.000,519.949400,6801.908527,768.268862,1.047019,0.768961,-7.511757
1 Jul 2024 00:45:40.000,530.387300,6809.178402,693.105311,1.040540,0.684998,-7.520798
1 Jul 2024 00:45:50.000,540.759772,6815.608206,617.855998,1.033933,0.600949,-7.528909
1 Jul 2024 00:46:00.000,551.065536,6821.197136,542.530233,1.027198,0.516825,-7.536089
1 Jul 2024 00:46:10.000,561.303318,6825.944491,467.137334,1.020337,0.432636,-7.542336
1 Jul 2024 00:46:20.000,571.471856,6829.849676,391.686629,1.013350,0.348393,-7.547650
1 Jul 2024 00:46:30.000,581.569894,6832.912203,316.187453,1.006237,0.264106,-7.552030
1 Jul 2024 00:46:40.000,591.596186,6835.131687,240.649146,0.999001,0.179786,-7.555476
1 Jul 2024 00:46:50.000,601.549495,6836.507848,165.081055,0.991641,0.095443,-7.557987
1 Jul 2024 00:47:00.000,611.428592,6837.040514,89.492530,0.984158,0.011089,-7.559562
1 Jul 2024 00:47:10.000,621.232257,6836.729615,13.892923,0.976555,-0.073268,-7.560203
1 Jul 2024 00:47:20.000,630.959282,6835.575188,-61.708411,0.968830,-0.157615,-7.559908
1 Jul 2024 00:47:30.000,640.608466,6833.577377,-137.302117,0.960987,-0.241943,-7.558677
1 Jul 2024 00:47:40.000,650.178619,6830.736429,-212.878843,0.953024,-0.326241,-7.556512
1 Jul 2024 00:47:50.000,659.668560,6827.052697,-288.429236,0.944944,-0.410498,-7.553411
1 Jul 2024 00:48:00.000,669.077117,6822.526639,-363.943948,0.936748,-0.494704,-7.549376
1 Jul 2024 00:48:10.000,678.403132,6817.158819,-439.413637,0.928436,-0.578849,-7.544406
1 Jul 2024 00:48:20.000,687.645454,6810.949907,-514.828964,0.920009,-0.662921,-7.538504
1 Jul 2024 00:48:30.000,696.802942,6803.900675,-590.180599,0.911469,-0.746911,-7.531668
1 Jul 2024 00:48:40.000,705.874469,6796.012003,-665.459218,0.902817,-0.830807,-7.523901
1 Jul 2024 00:48:50.000,714.858914,6787.284875,-740.655508,0.894054,-0.914600,-7.515202
1 Jul 2024 00:49:00.000,723.755172,6777.720379,-815.760166,0.885180,-0.998279,-7.505574
1 Jul 2024 00:49:10.000,732.562145,6767.319708,-890.763902,0.876197,-1.081833,-7.495018
1 Jul 2024 00:49:20.000,741.278748,6756.084159,-965.657438,0.867106,-1.165253,-7.483535
1 Jul 2024 00:49:30.000,749.903908,6744.015135,-1040.431508,0.857908,-1.248527,-7.471125
1 Jul 2024 00:49:40.000,758.436561,6731.114141,-1115.076864,0.848605,-1.331645,-7.457792
1 Jul 2024 00:49:50.000,766.875656,6717.382787,-1189.584274,0.839197,-1.414597,-7.443536
1 Jul 2024 00:50:00.000,775.220155,6702.822786,-1263.944524,0.829686,-1.497373,-7.428360
1 Jul 2024 00:50:10.000,783.469030,6687.435954,-1338.148418,0.820072,-1.579962,-7.412266
1 Jul 2024 00:50:20.000,791.621266,6671.224212,-1412.186779,0.810358,-1.662353,-7.395254
1 Jul 2024 00:50:30.000,799.675859,6654.189583,-1486.050454,0.800544,-1.744537,-7.377329
1 Jul 2024 00:50:40.000,807.631818,6636.334190,-1559.730310,0.790632,-1.826504,-7.358491
1 Jul 2024 00:50:50.000,815.488165,6617.660262,-1633.217240,0.780622,-1.908243,-7.338744
1 Jul 2024 00:51:00.000,823.243933,6598.170129,-1706.502158,0.770516,-1.989743,-7.318089
1 Jul 2024 00:51:10.000,830.898169,6577.866222,-1779.576008,0.760316,-2.070996,-7.296530
1 Jul 2024 00:51:20.000,838.449932,6556.751073,-1852.429758,0.750022,-2.151990,-7.274070
1 Jul 2024 00:51:30.000,845.898294,6534.827316,-1925.054405,0.739636,-2.232716,-7.250710
1 Jul 2024 00:51:40.000,853.242341,6512.097685,-1997.440978,0.729159,-2.313163,-7.226455
1 Jul 2024 00:51:50.000,860.481169,6488.565014,-2069.580531,0.718592,-2.393322,-7.201307
1 Jul 2024 00:52:00.000,867.613891,6464.232239,-2141.464155,0.707938,-2.473183,-7.175270
1 Jul 2024 00:52:10.000,874.639632,6439.102391,-2213.082972,0.697196,-2.552735,-7.148346
1 Jul 2024 00:52:20.000,881.557528,6413.178605,-2284.428135,0.686369,-2.631969,-7.120540
1 Jul 2024 00:52:30.000,888.366732,6386.464112,-2355.490836,0.675458,-2.710875,-7.091854
1 Jul 2024 00:52:40.000,895.066409,6358.962240,-2426.262302,0.664464,-2.789443,-7.062293
1 Jul 2024 00:52:50.000,901.655737,6330.676418,-2496.733795,0.653388,-2.867663,-7.031860
1 Jul 2024 00:53:00.000,908.133909,6301.610169,-2566.896619,0.642233,-2.945526,-7.000560
1 Jul 2024 00:53:10.000,914.500132,6271.767114,-2636.742113,0.630999,-3.023023,-6.968395
1 Jul 2024 00:53:20.000,920.753627,6241.150972,-2706.261661,0.619687,-3.100142,-6.935371
1 Jul 2024 00:53:30.000,926.893627,6209.765554,-2775.446685,0.608300,-3.176876,-6.901491
1 Jul 2024 00:53:40.000,932.919382,6177.614770,-2844.288651,0.596839,-3.253214,-6.866760
1 Jul 2024 00:53:50.000,938.830155,6144.702621,-2912.779069,0.585304,-3.329147,-6.831182
1 Jul 2024 00:54:00.000,944.625223,6111.033206,-2980.909493,0.573698,-3.404666,-6.794762
1 Jul 2024 00:54:10.000,950.303879,6076.610716,-3048.671524,0.562022,-3.479761,-6.757505
1 Jul 2024 00:54:20.000,955.865429,6041.439433,-3116.056807,0.550277,-3.554423,-6.719414
1 Jul 2024 00:54:30.000,961.309194,6005.523735,-3183.057038,0.538465,-3.628642,-6.680495
1 Jul 2024 00:54:40.000,966.634510,5968.868090,-3249.663961,0.526587,-3.702411,-6.640753
1 Jul 2024 00:54:50.000,971.840727,5931.477057,-3315.869368,0.514646,-3.775718,-6.600193
1 Jul 2024 00:55:00.000,976.927211,5893.355287,-3381.665105,0.502641,-3.848557,-6.558820
1 Jul 2024 00:55:10.000,981.893343,5854.507520,-3447.043068,0.490575,-3.920916,-6.516639
1 Jul 2024 00:55:20.000,986.738519,5814.938587,-3511.995205,0.478450,-3.992788,-6.473656
1 Jul 2024 00:55:30.000,991.462148,5774.653405,-3576.513522,0.466266,-4.064164,-6.429875
1 Jul 2024 00:55:40.000,996.063656,5733.656982,-3640.590075,0.454026,-4.135035,-6.385304
1 Jul 2024 00:55:50.000,1000.542485,5691.954413,-3704.216979,0.441731,-4.205392,-6.339947
1 Jul 2024 00:56:00.000,1004.898091,5649.550877,-3767.386405,0.429382,-4.275227,-6.293809
1 Jul 2024 00:56:10.000,1009.129945,5606.451644,-3830.090583,0.416981,-4.344531,-6.246898
1 Jul 2024 00:56:20.000,1013.237535,5562.662065,-3892.321799,0.404529,-4.413295,-6.199218
1 Jul 2024 00:56:30.000,1017.220363,5518.187578,-3954.072402,0.392028,-4.481511,-6.150776
1 Jul 2024 00:56:40.000,1021.077947,5473.033705,-4015.334800,0.379481,-4.549171,-6.101578
1 Jul 2024 00:56:50.000,1024.809820,5427.206050,-4076.101462,0.366887,-4.616266,-6.051630
1 Jul 2024 00:57:00.000,1028.415533,5380.710300,-4136.364922,0.354249,-4.682788,-6.000939
1 Jul 2024 00:57:10.000,1031.894649,5333.552224,-4196.117775,0.341568,-4.748730,-5.949510
1 Jul 2024 00:57:20.000,1035.246750,5285.737672,-4255.352681,0.328846,-4.814082,-5.897350
1 Jul 2024 00:57:30.000,1038.471432,5237.272574,-4314.062366,0.316084,-4.878837,-5.844467
1 Jul 2024 00:57:40.000,1041.568307,5188.162939,-4372.239621,0.303285,-4.942988,-5.790865
1 Jul 2024 00:57:50.000,1044.537003,5138.414856,-4429.877304,0.290449,-5.006526,-5.736553
1 Jul 2024 00:58:00.000,1047.377164,5088.034491,-4486.968341,0.277578,-5.069443,-5.681537
1 Jul 2024 00:58:10.000,1050.088450,5037.028085,-4543.505726,0.264674,-5.131732,-5.625824
1 Jul 2024 00:58:20.000,1052.670536,4985.401960,-4599.482525,0.251738,-5.193386,-5.569421
1 Jul 2024 00:58:30.000,1055.123115,4933.162508,-4654.891871,0.238773,-5.254396,-5.512335
1 Jul 2024 00:58:40.000,1057.445893,4880.316200,-4709.726969,0.225778,-5.314756,-5.454573
1 Jul 2024 00:58:50.000,1059.638595,4826.869579,-4763.981096,0.212758,-5.374458,-5.396142
1 Jul 2024 00:59:00.000,1061.700960,4772.829260,-4817.647602,0.199711,-5.433494,-5.337050
1 Jul 2024 00:59:10.000,1063.632744,4718.201932,-4870.719910,0.186642,-5.491859,-5.277304
1 Jul 2024 00:59:20.000,1065.433720,4662.994355,-4923.191518,0.173550,-5.549543,-5.216911
1 Jul 2024 00:59:30.000,1067.103674,4607.213357,-4975.055997,0.160438,-5.606541,-5.155879
1 Jul 2024 00:59:40.000,1068.642412,4550.865839,-5026.306996,0.147307,-5.662846,-5.094216
1 Jul 2024 00:59:50.000,1070.049753,4493.958768,-5076.938239,0.134159,-5.718451,-5.031929
1 Jul 2024 01:00:00.000,1071.325535,4436.499182,-5126.943528,0.120995,-5.773348,-4.969026
1 Jul 2024 01:00:10.000,1072.469610,4378.494181,-5176.316741,0.107818,-5.827532,-4.905516
1 Jul 2024 01:00:20.000,1073.481848,4319.950937,-5225.051839,0.094628,-5.880996,-4.841405
1 Jul 2024 01:00:30.000,1074.362132,4260.876682,-5273.142857,0.081427,-5.933733,-4.776701
1 Jul 2024 01:00:40.000,1075.110365,4201.278716,-5320.583915,0.068218,-5.985737,-4.711414
1 Jul 2024 01:00:50.000,1075.726465,4141.164399,-5367.369211,0.055001,-6.037002,-4.645550
1 Jul 2024 01:01:00.000,1076.210365,4080.541156,-5413.493024,0.041778,-6.087522,-4.579119
1 Jul 2024 01:01:10.000,1076.562015,4019.416472,-5458.949718,0.028551,-6.137289,-4.512128
1 Jul 2024 01:01:20.000,1076.781383,3957.797893,-5503.733738,0.015322,-6.186300,-4.444585
1 Jul 2024 01:01:30.000,1076.868450,3895.693025,-5547.839612,0.002091,-6.234546,-4.376500
1 Jul 2024 01:01:40.000,1076.823215,3833.109531,-5591.261952,-0.011138,-6.282024,-4.307880
1 Jul 2024 01:01:50.000,1076.645694,3770.055133,-5633.995457,-0.024366,-6.328726,-4.238734
1 Jul 2024 01:02:00.000,1076.335918,3706.537609,-5676.034910,-0.037589,-6.374648,-4.169071
1 Jul 2024 01:02:10.000,1075.893934,3642.564794,-5717.375179,-0.050807,-6.419784,-4.098899
1 Jul 2024 01:02:20.000,1075.319806,3578.144574,-5758.011220,-0.064017,-6.464128,-4.028227
1 Jul 2024 01:02:30.000,1074.613614,3513.284894,-5797.938075,-0.077219,-6.507675,-3.957063
1 Jul 2024 01:02:40.000,1073.775455,3447.993746,-5837.150874,-0.090411,-6.550420,-3.885417
1 Jul 2024 01:02:50.000,1072.805439,3382.279178,-5875.644836,-0.103590,-6.592358,-3.813297
1 Jul 2024 01:03:00.000,1071.703696,3316.149287,-5913.415269,-0.116756,-6.633484,-3.740713
1 Jul 2024 01:03:10.000,1070.470370,3249.612218,-5950.457567,-0.129907,-6.673793,-3.667672
1 Jul 2024 01:03:20.000,1069.105621,3182.676169,-5986.767219,-0.143040,-6.713280,-3.594185
1 Jul 2024 01:03:30.000,1067.609626,3115.349381,-6022.339800,-0.156156,-6.751940,-3.520259
1 Jul 2024 01:03:40.000,1065.982577,3047.640144,-6057.170977,-0.169251,-6.789769,-3.445905
1 Jul 2024 01:03:50.000,1064.224682,2979.556794,-6091.256510,-0.182324,-6.826762,-3.371132
1 Jul 2024 01:04:00.000,1062.336167,2911.107710,-6124.592249,-0.195375,-6.862915,-3.295948
1 Jul 2024 01:04:10.000,1060.317272,2842.301315,-6157.174135,-0.208400,-6.898223,-3.220363
1 Jul 2024 01:04:20.000,1058.168252,2773.146075,-6188.998206,-0.221399,-6.932683,-3.144386
1 Jul 2024 01:04:30.000,1055.889380,2703.650498,-6220.060588,-0.234370,-6.966290,-3.068027
1 Jul 2024 01:04:40.000,1053.480943,2633.823131,-6250.357505,-0.247312,-6.999040,-2.991295
1 Jul 2024 01:04:50.000,1050.943246,2563.672562,-6279.885271,-0.260222,-7.030930,-2.914199
1 Jul 2024 01:05:00.000,1048.276606,2493.207415,-6308.640297,-0.273100,-7.061955,-2.836748
1 Jul 2024 01:05:10.000,1045.481361,2422.436355,-6336.619088,-0.285943,-7.092112,-2.758953
1 Jul 2024 01:05:20.000,1042.557858,2351.368079,-6363.818244,-0.298751,-7.121397,-2.680823
1 Jul 2024 01:05:30.000,1039.506466,2280.011322,-6390.234461,-0.311521,-7.149808,-2.602367
1 Jul 2024 01:05:40.000,1036.327566,2208.374852,-6415.864531,-0.324252,-7.177339,-2.523595
1 Jul 2024 01:05:50.000,1033.021554,2136.467472,-6440.705340,-0.336943,-7.203989,-2.444517
1 Jul 2024 01:06:00.000,1029.588843,2064.298014,-6464.753873,-0.349592,-7.229754,-2.365141
1 Jul 2024 01:06:10.000,1026.029861,1991.875344,-6488.007211,-0.362197,-7.254631,-2.285479
1 Jul 2024 01:06:20.000,1022.345052,1919.208355,-6510.462534,-0.374757,-7.278618,-2.205540
1 Jul 2024 01:06:30.000,1018.534872,1846.305970,-6532.117115,-0.387271,-7.301710,-2.125333
1 Jul 2024 01:06:40.000,1014.599796,1773.177141,-6552.968330,-0.399736,-7.323906,-2.044868
1 Jul 2024 01:06:50.000,1010.540313,1699.830846,-6573.013649,-0.412152,-7.345203,-1.964155
1 Jul 2024 01:07:00.000,1006.356925,1626.276087,-6592.250644,-0.424517,-7.365598,-1.883205
1 Jul 2024 01:07:10.000,1002.050151,1552.521893,-6610.676981,-0.436829,-7.385090,-1.802026
1 Jul 2024 01:07:20.000,997.620526,1478.577315,-6628.290430,-0.449087,-7.403675,-1.720628
1 Jul 2024 01:07:30.000,993.068596,1404.451427,-6645.088855,-0.461290,-7.421351,-1.639023
1 Jul 2024 01:07:40.000,988.394926,1330.153323,-6661.070224,-0.473435,-7.438117,-1.557219
1 Jul 2024 01:07:50.000,983.600092,1255.692121,-6676.232602,-0.485522,-7.453971,-1.475226
1 Jul 2024 01:08:00.000,978.684688,1181.076953,-6690.574154,-0.497549,-7.468910,-1.393055
1 Jul 2024 01:08:10.000,973.649320,1106.316972,-6704.093145,-0.509514,-7.482933,-1.310716
1 Jul 2024 01:08:20.000,968.494609,1031.421350,-6716.787941,-0.521417,-7.496038,-1.228218
1 Jul 2024 01:08:30.000,963.221191,956.399270,-6728.657007,-0.533256,-7.508224,-1.145572
1 Jul 2024 01:08:40.000,957.829717,881.259935,-6739.698910,-0.545028,-7.519489,-1.062787
1 Jul 2024 01:08:50.000,952.320851,806.012557,-6749.912317,-0.556734,-7.529832,-0.979874
1 Jul 2024 01:09:00.000,946.695271,730.666365,-6759.295996,-0.568371,-7.539252,-0.896843
1 Jul 2024 01:09:10.000,940.953671,655.230596,-6767.848815,-0.579938,-7.547747,-0.813704
1 Jul 2024 01:09:20.000,935.096756,579.714500,-6775.569745,-0.591433,-7.555317,-0.730467
1 Jul 2024 01:09:30.000,929.125248,504.127335,-6782.457857,-0.602856,-7.561961,-0.647142
1 Jul 2024 01:09:40.000,923.039881,428.478367,-6788.512324,-0.614205,-7.567678,-0.563739
1 Jul 2024 01:09:50.000,916.841403,352.776871,-6793.732420,-0.625478,-7.572467,-0.480269
1 Jul 2024 01:10:00.000,910.530577,277.032125,-6798.117521,-0.636674,-7.576328,-0.396742
1 Jul 2024 01:10:10.000,904.108178,201.253416,-6801.667104,-0.647792,-7.579260,-0.313168
1 Jul 2024 01:10:20.000,897.574994,125.450030,-6804.380748,-0.658831,-7.581263,-0.229556
1 Jul 2024 01:10:30.000,890.931830,49.631259,-6806.258134,-0.669788,-7.582337,-0.145918
1 Jul 2024 01:10:40.000,884.179499,-26.193604,-6807.299045,-0.680664,-7.582481,-0.062263
1 Jul 2024 01:10:50.000,877.318832,-102.015267,-6807.503365,-0.691456,-7.581696,0.021399
1 Jul 2024 01:11:00.000,870.350670,-177.824437,-6806.871080,-0.702163,-7.579983,0.105057
1 Jul 2024 01:11:10.000,863.275868,-253.611823,-6805.402277,-0.712783,-7.577340,0.188701
1 Jul 2024 01:11:20.000,856.095295,-329.368138,-6803.097146,-0.723317,-7.573768,0.272321
1 Jul 2024 01:11:30.000,848.809831,-405.084097,-6799.955978,-0.733761,-7.569269,0.355906
1 Jul 2024 01:11:40.000,841.420370,-480.750424,-6795.979167,-0.744116,-7.563842,0.439448
1 Jul 2024 01:11:50.000,833.927817,-556.357844,-6791.167205,-0.754379,-7.557488,0.522935
1 Jul 2024 01:12:00.000,826.333091,-631.897093,-6785.520689,-0.764550,-7.550208,0.606357
1 Jul 2024 01:12:10.000,818.637124,-707.358913,-6779.040317,-0.774628,-7.542002,0.689704
1 Jul 2024 01:12:20.000,810.840857,-782.734059,-6771.726886,-0.784610,-7.532873,0.772967
1 Jul 2024 01:12:30.000,802.945246,-858.013292,-6763.581298,-0.794496,-7.522820,0.856134
1 Jul 2024 01:12:40.000,794.951259,-933.187389,-6754.604551,-0.804285,-7.511846,0.939197
1 Jul 2024 01:12:50.000,786.859875,-1008.247135,-6744.797750,-0.813975,-7.499950,1.022144
1 Jul 2024 01:13:00.000,778.672084,-1083.183333,-6734.162096,-0.823566,-7.487136,1.104965
1 Jul 2024 01:13:10.000,770.388890,-1157.986800,-6722.698893,-0.833056,-7.473404,1.187652
1 Jul 2024 01:13:20.000,762.011306,-1232.648367,-6710.409546,-0.842444,-7.458757,1.270193
1 Jul 2024 01:13:30.000,753.540358,-1307.158883,-6697.295559,-0.851728,-7.443195,1.352578
1 Jul 2024 01:13:40.000,744.977084,-1381.509217,-6683.358538,-0.860909,-7.426720,1.434798
1 Jul 2024 01:13:50.000,736.322530,-1455.690255,-6668.600188,-0.869984,-7.409336,1.516842
1 Jul 2024 01:14:00.000,727.577758,-1529.692905,-6653.022314,-0.878953,-7.391043,1.598701
1 Jul 2024 01:14:10.000,718.743836,-1603.508095,-6636.626820,-0.887814,-7.371844,1.680364
1 Jul 2024 01:14:20.000,709.821846,-1677.126775,-6619.415713,-0.896566,-7.351742,1.761822
1 Jul 2024 01:14:30.000,700.812880,-1750.539922,-6601.391094,-0.905209,-7.330738,1.843065
1 Jul 2024 01:14:40.000,691.718040,-1823.738534,-6582.555168,-0.913741,-7.308835,1.924082
1 Jul 2024 01:14:50.000,682.538439,-1896.713637,-6562.910236,-0.922161,-7.286036,2.004864
1 Jul 2024 01:15:00.000,673.275200,-1969.456282,-6542.458698,-0.930468,-7.262344,2.085402
1 Jul 2024 01:15:10.000,663.929456,-2041.957551,-6521.203053,-0.938662,-7.237761,2.165684
1 Jul 2024 01:15:20.000,654.502352,-2114.208550,-6499.145897,-0.946740,-7.212291,2.245702
1 Jul 2024 01:15:30.000,644.995039,-2186.200421,-6476.289924,-0.954703,-7.185936,2.325446
1 Jul 2024 01:15:40.000,635.408681,-2257.924333,-6452.637927,-0.962549,-7.158700,2.404906
1 Jul 2024 01:15:50.000,625.744452,-2329.371488,-6428.192793,-0.970277,-7.130585,2.484072
1 Jul 2024 01:16:00.000,616.003533,-2400.533122,-6402.957507,-0.977887,-7.101596,2.562934
1 Jul 2024 01:16:10.000,606.187115,-2471.400505,-6376.935152,-0.985377,-7.071736,2.641484
1 Jul 2024 01:16:20.000,596.296401,-2541.964942,-6350.128905,-0.992746,-7.041007,2.719711
1 Jul 2024 01:16:30.000,586.332599,-2612.217775,-6322.542039,-0.999994,-7.009415,2.797606
1 Jul 2024 01:16:40.000,576.296928,-2682.150381,-6294.177923,-1.007120,-6.976963,2.875160
1 Jul 2024 01:16:50.000,566.190617,-2751.754180,-6265.040019,-1.014122,-6.943654,2.952362
1 Jul 2024 01:17:00.000,556.014902,-2821.020627,-6235.131887,-1.021000,-6.909493,3.029204
1 Jul 2024 01:17:10.000,545.771027,-2889.941218,-6204.457176,-1.027754,-6.874484,3.105676
1 Jul 2024 01:17:20.000,535.460247,-2958.507494,-6173.019635,-1.034381,-6.838631,3.181769
1 Jul 2024 01:17:30.000,525.083822,-3026.711035,-6140.823100,-1.040882,-6.801938,3.257473
1 Jul 2024 01:17:40.000,514.643023,-3094.543465,-6107.871503,-1.047256,-6.764409,3.332779
1 Jul 2024 01:17:50.000,504.139126,-3161.996453,-6074.168870,-1.053502,-6.726050,3.407679
1 Jul 2024 01:18:00.000,493.573419,-3229.061713,-6039.719316,-1.059618,-6.686865,3.482162
1 Jul 2024 01:18:10.000,482.947192,-3295.731007,-6004.527048,-1.065605,-6.646858,3.556220
1 Jul 2024 01:18:20.000,472.261748,-3361.996143,-5968.596365,-1.071462,-6.606034,3.629843
1 Jul 2024 01:18:30.000,461.518395,-3427.848977,-5931.931657,-1.077187,-6.564398,3.703024
1 Jul 2024 01:18:40.000,450.718447,-3493.281417,-5894.537402,-1.082781,-6.521956,3.775751
1 Jul 2024 01:18:50.000,439.863227,-3558.285419,-5856.418171,-1.088241,-6.478711,3.848017
1 Jul 2024 01:19:00.000,428.954064,-3622.852992,-5817.578620,-1.093569,-6.434671,3.919814
1 Jul 2024 01:19:10.000,417.992294,-3686.976196,-5778.023497,-1.098763,-6.389839,3.991130
1 Jul 2024 01:19:20.000,406.979259,-3750.647147,-5737.757636,-1.103822,-6.344221,4.061960
1 Jul 2024 01:19:30.000,395.916309,-3813.858014,-5696.785960,-1.108746,-6.297823,4.132292
1 Jul 2024 01:19:40.000,384.804799,-3876.601020,-5655.113478,-1.113534,-6.250650,4.202119
1 Jul 2024 01:19:50.000,373.646089,-3938.868448,-5612.745284,-1.118185,-6.202708,4.271433
1 Jul 2024 01:20:00.000,362.441547,-4000.652635,-5569.686560,-1.122700,-6.154003,4.340224
1 Jul 2024 01:20:10.000,351.192547,-4061.945979,-5525.942572,-1.127077,-6.104540,4.408484
1 Jul 2024 01:20:20.000,339.900466,-4122.740935,-5481.518671,-1.131316,-6.054326,4.476205
1 Jul 2024 01:20:30.000,328.566688,-4183.030021,-5436.420292,-1.135416,-6.003367,4.543379
1 Jul 2024 01:20:40.000,317.192603,-4242.805814,-5390.652952,-1.139377,-5.951669,4.609996
1 Jul 2024 01:20:50.000,305.779604,-4302.060954,-5344.222250,-1.143199,-5.899238,4.676049
1 Jul 2024 01:21:00.000,294.329091,-4360.788143,-5297.133871,-1.146880,-5.846080,4.741530
1 Jul 2024 01:21:10.000,282.842468,-4418.980149,-5249.393576,-1.150421,-5.792202,4.806431
1 Jul 2024 01:21:20.000,271.321143,-4476.629804,-5201.007209,-1.153821,-5.737611,4.870743
1 Jul 2024 01:21:30.000,259.766528,-4533.730004,-5151.980695,-1.157079,-5.682312,4.934459
1 Jul 2024 01:21:40.000,248.180041,-4590.273715,-5102.320036,-1.160195,-5.626314,4.997571
1 Jul 2024 01:21:50.000,236.563102,-4646.253966,-5052.031312,-1.163169,-5.569622,5.060071
1 Jul 2024 01:22:00.000,224.917137,-4701.663859,-5001.120684,-1.166000,-5.512243,5.121951
1 Jul 2024 01:22:10.000,213.243573,-4756.496563,-4949.594386,-1.168689,-5.454185,5.183203
1 Jul 2024 01:22:20.000,201.543842,-4810.745315,-4897.458731,-1.171234,-5.395454,5.243821
1 Jul 2024 01:22:30.000,189.819380,-4864.403427,-4844.720106,-1.173635,-5.336058,5.303796
1 Jul 2024 01:22:40.000,178.071624,-4917.464279,-4791.384973,-1.175892,-5.276003,5.363121
1 Jul 2024 01:22:50.000,166.302018,-4969.921326,-4737.459870,-1.178005,-5.215298,5.421789
1 Jul 2024 01:23:00.000,154.512003,-5021.768095,-4682.951404,-1.179974,-5.153949,5.479792
1 Jul 2024 01:23:10.000,142.703028,-5072.998189,-4627.866260,-1.181797,-5.091964,5.537124
1 Jul 2024 01:23:20.000,130.876541,-5123.605283,-4572.211189,-1.183476,-5.029351,5.593776
1 Jul 2024 01:23:30.000,119.033994,-5173.583130,-4515.993017,-1.185009,-4.966116,5.649743
1 Jul 2024 01:23:40.000,107.176840,-5222.925559,-4459.218639,-1.186397,-4.902268,5.705017
1 Jul 2024 01:23:50.000,95.306536,-5271.626477,-4401.895019,-1.187639,-4.837815,5.759590
1 Jul 2024 01:24:00.000,83.424537,-5319.679867,-4344.029188,-1.188736,-4.772764,5.813457
1 Jul 2024 01:24:10.000,71.532304,-5367.079795,-4285.628248,-1.189686,-4.707124,5.866611
1 Jul 2024 01:24:20.000,59.631296,-5413.820403,-4226.699365,-1.190491,-4.640902,5.919045
1 Jul 2024 01:24:30.000,47.722974,-5459.895915,-4167.249772,-1.191149,-4.574106,5.970752
1 Jul 2024 01:24:40.000,35.808802,-5505.300636,-4107.286766,-1.191661,-4.506745,6.021726
1 Jul 2024 01:24:50.000,23.890242,-5550.028953,-4046.817711,-1.192027,-4.438827,6.071961
1 Jul 2024 01:25:00.000,11.968758,-5594.075337,-3985.850030,-1.192246,-4.370359,6.121450
1 Jul 2024 01:25:10.000,0.045815,-5637.434340,-3924.391212,-1.192318,-4.301352,6.170188
1 Jul 2024 01:25:20.000,-11.877122,-5680.100601,-3862.448806,-1.192245,-4.231812,6.218167
1 Jul 2024 01:25:30.000,-23.798589,-5722.068841,-3800.030421,-1.192024,-4.161749,6.265382
1 Jul 2024 01:25:40.000,-35.717120,-5763.333869,-3737.143727,-1.191658,-4.091171,6.311828
1 Jul 2024 01:25:50.000,-47.631252,-5803.890579,-3673.796450,-1.191144,-4.020087,6.357498
1 Jul 2024 01:26:00.000,-59.539519,-5843.733952,-3609.996378,-1.190485,-3.948505,6.402386
1 Jul 2024 01:26:10.000,-71.440458,-5882.859056,-3545.751351,-1.189679,-3.876435,6.446488
1 Jul 2024 01:26:20.000,-83.332606,-5921.261049,-3481.069268,-1.188727,-3.803884,6.489796
1 Jul 2024 01:26:30.000,-95.214502,-5958.935176,-3415.958081,-1.187628,-3.730863,6.532307
1 Jul 2024 01:26:40.000,-107.084685,-5995.876772,-3350.425798,-1.186384,-3.657380,6.574015
1 Jul 2024 01:26:50.000,-118.941695,-6032.081262,-3284.480477,-1.184994,-3.583443,6.614914
1 Jul 2024 01:27:00.000,-130.784074,-6067.544162,-3218.130230,-1.183458,-3.509063,6.654999
1 Jul 2024 01:27:10.000,-142.610366,-6102.261078,-3151.383219,-1.181776,-3.434248,6.694266
1 Jul 2024 01:27:20.000,-154.419116,-6136.227710,-3084.247655,-1.179950,-3.359008,6.732709
1 Jul 2024 01:27:30.000,-166.208873,-6169.439847,-3016.731800,-1.177978,-3.283351,6.770323
1 Jul 2024 01:27:40.000,-177.978185,-6201.893375,-2948.843963,-1.175861,-3.207287,6.807105
1 Jul 2024 01:27:50.000,-189.725606,-6233.584269,-2880.592498,-1.173599,-3.130826,6.843048
1 Jul 2024 01:28:00.000,-201.449690,-6264.508602,-2811.985808,-1.171193,-3.053977,6.878149
1 Jul 2024 01:28:10.000,-213.148994,-6294.662538,-2743.032337,-1.168643,-2.976748,6.912403
1 Jul 2024 01:28:20.000,-224.822080,-6324.042339,-2673.740576,-1.165950,-2.899151,6.945807
1 Jul 2024 01:28:30.000,-236.467510,-6352.644360,-2604.119058,-1.163112,-2.821194,6.978354
1 Jul 2024 01:28:40.000,-248.083851,-6380.465054,-2534.176356,-1.160132,-2.742887,7.010043
1 Jul 2024 01:28:50.000,-259.669675,-6407.500968,-2463.921085,-1.157009,-2.664240,7.040867
1 Jul 2024 01:29:00.000,-271.223554,-6433.748749,-2393.361899,-1.153743,-2.585262,7.070825
1 Jul 2024 01:29:10.000,-282.744068,-6459.205140,-2322.507490,-1.150336,-2.505963,7.099911
1 Jul 2024 01:29:20.000,-294.229796,-6483.866980,-2251.366589,-1.146786,-2.426354,7.128123
1 Jul 2024 01:29:30.000,-305.679327,-6507.731208,-2179.947961,-1.143096,-2.346443,7.155456
1 Jul 2024 01:29:40.000,-317.091249,-6530.794864,-2108.260407,-1.139265,-2.266241,7.181907
1 Jul 2024 01:29:50.000,-328.464158,-6553.055081,-2036.312763,-1.135294,-2.185757,7.207474
1 Jul 2024 01:30:00.000,-339.796654,-6574.509098,-1964.113897,-1.131182,-2.105002,7.232151
1 Jul 2024 01:30:10.000,-351.087341,-6595.154250,-1891.672708,-1.126932,-2.023986,7.255938
1 Jul 2024 01:30:20.000,-362.334829,-6614.987972,-1818.998127,-1.122543,-1.942718,7.278829
1 Jul 2024 01:30:30.000,-373.537732,-6634.007801,-1746.099114,-1.118015,-1.861209,7.300824
1 Jul 2024 01:30:40.000,-384.694671,-6652.211375,-1672.984657,-1.113350,-1.779468,7.321918
1 Jul 2024 01:30:50.000,-395.804273,-6669.596432,-1599.663773,-1.108548,-1.697507,7.342109
1 Jul 2024 01:31:00.000,-406.865167,-6686.160812,-1526.145503,-1.103609,-1.615335,7.361394
1 Jul 2024 01:31:10.000,-417.875993,-6701.902456,-1452.438914,-1.098534,-1.532962,7.379772
1 Jul 2024 01:31:20.000,-428.835394,-6716.819410,-1378.553096,-1.093324,-1.450398,7.397240
1 Jul 2024 01:31:30.000,-439.742020,-6730.909817,-1304.497163,-1.087979,-1.367654,7.413795
1 Jul 2024 01:31:40.000,-450.594527,-6744.171928,-1230.280251,-1.082500,-1.284740,7.429435
1 Jul 2024 01:31:50.000,-461.391579,-6756.604094,-1155.911514,-1.076888,-1.201667,7.444159
1 Jul 2024 01:32:00.000,-472.131845,-6768.204768,-1081.400127,-1.071143,-1.118444,7.457965
1 Jul 2024 01:32:10.000,-482.814003,-6778.972507,-1006.755283,-1.065266,-1.035082,7.470850
1 Jul 2024 01:32:20.000,-493.436736,-6788.905974,-931.986192,-1.059258,-0.951591,7.482814
1 Jul 2024 01:32:30.000,-503.998737,-6798.003933,-857.102079,-1.053120,-0.867982,7.493854
1 Jul 2024 01:32:40.000,-514.498703,-6806.265251,-782.112185,-1.046852,-0.784265,7.503970
1 Jul 2024 01:32:50.000,-524.935342,-6813.688900,-707.025762,-1.040455,-0.700450,7.513160
1 Jul 2024 01:33:00.000,-535.307367,-6820.273958,-631.852078,-1.033929,-0.616548,7.521422
1 Jul 2024 01:33:10.000,-545.613501,-6826.019603,-556.600409,-1.027277,-0.532569,7.528757
1 Jul 2024 01:33:20.000,-555.852475,-6830.925122,-481.280042,-1.020497,-0.448524,7.535162
1 Jul 2024 01:33:30.000,-566.023028,-6834.989902,-405.900273,-1.013592,-0.364423,7.540637
1 Jul 2024 01:33:40.000,-576.123906,-6838.213437,-330.470405,-1.006563,-0.280277,7.545181
1 Jul 2024 01:33:50.000,-586.153866,-6840.595326,-254.999747,-0.999409,-0.196096,7.548795
1 Jul 2024 01:34:00.000,-596.111672,-6842.135271,-179.497616,-0.992132,-0.111890,7.551476
1 Jul 2024 01:34:10.000,-605.996098,-6842.833080,-103.973330,-0.984733,-0.027670,7.553226
1 Jul 2024 01:34:20.000,-615.805928,-6842.688664,-28.436210,-0.977213,0.056553,7.554043
1 Jul 2024 01:34:30.000,-625.539952,-6841.702042,47.104419,-0.969572,0.140769,7.553928
1 Jul 2024 01:34:40.000,-635.196974,-6839.873334,122.639235,-0.961812,0.224968,7.552880
1 Jul 2024 01:34:50.000,-644.775803,-6837.202766,198.158913,-0.953934,0.309140,7.550900
1 Jul 2024 01:35:00.000,-654.275262,-6833.690670,273.654133,-0.945938,0.393272,7.547988
1 Jul 2024 01:35:10.000,-663.694180,-6829.337482,349.115577,-0.937826,0.477356,7.544145
1 Jul 2024 01:35:20.000,-673.031399,-6824.143741,424.533931,-0.929599,0.561381,7.539371
1 Jul 2024 01:35:30.000,-682.285770,-6818.110092,499.899886,-0.921257,0.645336,7.533666
1 Jul 2024 01:35:40.000,-691.456154,-6811.237285,575.204142,-0.912801,0.729211,7.527031
1 Jul 2024 01:35:50.000,-700.541423,-6803.526172,650.437404,-0.904234,0.812995,7.519467
1 Jul 2024 01:36:00.000,-709.540460,-6794.977712,725.590389,-0.895555,0.896679,7.510975
1 Jul 2024 01:36:10.000,-718.452157,-6785.592965,800.653821,-0.886766,0.980251,7.501557
1 Jul 2024 01:36:20.000,-727.275420,-6775.373098,875.618438,-0.877868,1.063701,7.491213
1 Jul 2024 01:36:30.000,-736.009164,-6764.319379,950.474990,-0.868862,1.147020,7.479944
1 Jul 2024 01:36:40.000,-744.652314,-6752.433180,1025.214240,-0.859750,1.230195,7.467752
1 Jul 2024 01:36:50.000,-753.203809,-6739.715979,1099.826967,-0.850532,1.313219,7.454640
1 Jul 2024 01:37:00.000,-761.662598,-6726.169353,1174.303965,-0.841209,1.396079,7.440607
1 Jul 2024 01:37:10.000,-770.027641,-6711.794986,1248.636046,-0.831783,1.478765,7.425656
1 Jul 2024 01:37:20.000,-778.297911,-6696.594660,1322.814040,-0.822254,1.561268,7.409790
1 Jul 2024 01:37:30.000,-786.472392,-6680.570265,1396.828796,-0.812625,1.643578,7.393009
1 Jul 2024 01:37:40.000,-794.550081,-6663.723788,1470.671186,-0.802896,1.725683,7.375317
1 Jul 2024 01:37:50.000,-802.529985,-6646.057321,1544.332102,-0.793068,1.807574,7.356715
1 Jul 2024 01:38:00.000,-810.411125,-6627.573057,1617.802458,-0.783143,1.889241,7.337205
1 Jul 2024 01:38:10.000,-818.192533,-6608.273290,1691.073195,-0.773122,1.970673,7.316791
1 Jul 2024 01:38:20.000,-825.873255,-6588.160415,1764.135277,-0.763006,2.051861,7.295475
1 Jul 2024 01:38:30.000,-833.452348,-6567.236928,1836.979695,-0.752797,2.132794,7.273259
1 Jul 2024 01:38:40.000,-840.928883,-6545.505426,1909.597468,-0.742495,2.213462,7.250146
1 Jul 2024 01:38:50.000,-848.301943,-6522.968603,1981.979643,-0.732102,2.293856,7.226140
1 Jul 2024 01:39:00.000,-855.570623,-6499.629258,2054.117297,-0.721619,2.373965,7.201243
1 Jul 2024 01:39:10.000,-862.734032,-6475.490284,2126.001539,-0.711048,2.453780,7.175458
1 Jul 2024 01:39:20.000,-869.791292,-6450.554677,2197.623508,-0.700390,2.533290,7.148789
1 Jul 2024 01:39:30.000,-876.741539,-6424.825528,2268.974378,-0.689646,2.612486,7.121239
1 Jul 2024 01:39:40.000,-883.583921,-6398.306029,2340.045355,-0.678817,2.691359,7.092811
1 Jul 2024 01:39:50.000,-890.317599,-6370.999469,2410.827683,-0.667905,2.769897,7.063509
1 Jul 2024 01:40:00.000,-896.941749,-6342.909234,2481.312641,-0.656911,2.848092,7.033338
1 Jul 2024 01:40:10.000,-903.455560,-6314.038805,2551.491546,-0.645837,2.925934,7.002299
1 Jul 2024 01:40:20.000,-909.858235,-6284.391764,2621.355752,-0.634684,3.003413,6.970399
1 Jul 2024 01:40:30.000,-916.148989,-6253.971784,2690.896655,-0.623454,3.080520,6.937639
1 Jul 2024 01:40:40.000,-922.327054,-6222.782636,2760.105691,-0.612147,3.157245,6.904026
1 Jul 2024 01:40:50.000,-928.391673,-6190.828186,2828.974336,-0.600765,3.233579,6.869562
1 Jul 2024 01:41:00.000,-934.342105,-6158.112393,2897.494112,-0.589309,3.309512,6.834253
1 Jul 2024 01:41:10.000,-940.177622,-6124.639312,2965.656583,-0.577782,3.385035,6.798102
1 Jul 2024 01:41:20.000,-945.897512,-6090.413090,3033.453358,-0.566184,3.460139,6.761114
1 Jul 2024 01:41:30.000,-951.501075,-6055.437966,3100.876093,-0.554517,3.534814,6.723294
1 Jul 2024 01:41:40.000,-956.987628,-6019.718273,3167.916490,-0.542782,3.609051,6.684647
1 Jul 2024 01:41:50.000,-962.356499,-5983.258434,3234.566300,-0.530981,3.682841,6.645178
1 Jul 2024 01:42:00.000,-967.607034,-5946.062966,3300.817322,-0.519115,3.756176,6.604891
1 Jul 2024 01:42:10.000,-972.738592,-5908.136473,3366.661407,-0.507186,3.829045,6.563791
1 Jul 2024 01:42:20.000,-977.750548,-5869.483651,3432.090454,-0.495195,3.901440,6.521884
1 Jul 2024 01:42:30.000,-982.642290,-5830.109285,3497.096418,-0.483144,3.973352,6.479175
1 Jul 2024 01:42:40.000,-987.413223,-5790.018249,3561.671304,-0.471033,4.044773,6.435670
1 Jul 2024 01:42:50.000,-992.062764,-5749.215503,3625.807173,-0.458866,4.115692,6.391373
1 Jul 2024 01:43:00.000,-996.590349,-5707.706098,3689.496139,-0.446642,4.186103,6.346290
1 Jul 2024 01:43:10.000,-1000.995427,-5665.495168,3752.730376,-0.434364,4.255996,6.300428
1 Jul 2024 01:43:20.000,-1005.277460,-5622.587935,3815.502110,-0.422034,4.325362,6.253791
1 Jul 2024 01:43:30.000,-1009.435930,-5578.989707,3877.803629,-0.409652,4.394194,6.206385
1 Jul 2024 01:43:40.000,-1013.470331,-5534.705875,3939.627277,-0.397220,4.462482,6.158218
1 Jul 2024 01:43:50.000,-1017.380173,-5489.741915,4000.965460,-0.384740,4.530218,6.109293
1 Jul 2024 01:44:00.000,-1021.164982,-5444.103385,4061.810644,-0.372214,4.597394,6.059619
1 Jul 2024 01:44:10.000,-1024.824299,-5397.795928,4122.155356,-0.359642,4.664002,6.009200
1 Jul 2024 01:44:20.000,-1028.357680,-5350.825267,4181.992185,-0.347027,4.730034,5.958043
1 Jul 2024 01:44:30.000,-1031.764698,-5303.197206,4241.313787,-0.334370,4.795481,5.906155
1 Jul 2024 01:44:40.000,-1035.044941,-5254.917629,4300.112877,-0.321672,4.860335,5.853542
1 Jul 2024 01:44:50.000,-1038.198012,-5205.992502,4358.382240,-0.308936,4.924590,5.800211
1 Jul 2024 01:45:00.000,-1041.223530,-5156.427866,4416.114725,-0.296162,4.988236,5.746168
1 Jul 2024 01:45:10.000,-1044.121131,-5106.229844,4473.303247,-0.283352,5.051266,5.691420
1 Jul 2024 01:45:20.000,-1046.890465,-5055.404633,4529.940791,-0.270509,5.113672,5.635973
1 Jul 2024 01:45:30.000,-1049.531198,-5003.958508,4586.020408,-0.257633,5.175447,5.579836
1 Jul 2024 01:45:40.000,-1052.043013,-4951.897819,4641.535221,-0.244725,5.236584,5.523014
1 Jul 2024 01:45:50.000,-1054.425608,-4899.228992,4696.478422,-0.231789,5.297074,5.465514
1 Jul 2024 01:46:00.000,-1056.678697,-4845.958525,4750.843273,-0.218825,5.356910,5.407345
1 Jul 2024 01:46:10.000,-1058.802011,-4792.092991,4804.623111,-0.205834,5.416086,5.348513
1 Jul 2024 01:46:20.000,-1060.795295,-4737.639035,4857.811342,-0.192819,5.474593,5.289025
1 Jul 2024 01:46:30.000,-1062.658310,-4682.603373,4910.401448,-0.179781,5.532426,5.228889
1 Jul 2024 01:46:40.000,-1064.390836,-4626.992792,4962.386984,-0.166721,5.589576,5.168112
1 Jul 2024 01:46:50.000,-1065.992666,-4570.814148,5013.761580,-0.153642,5.646037,5.106702
1 Jul 2024 01:47:00.000,-1067.463610,-4514.074368,5064.518943,-0.140544,5.701802,5.044667
1 Jul 2024 01:47:10.000,-1068.803494,-4456.780445,5114.652855,-0.127430,5.756865,4.982013
1 Jul 2024 01:47:20.000,-1070.012159,-4398.939440,5164.157176,-0.114301,5.811218,4.918750
1 Jul 2024 01:47:30.000,-1071.089465,-4340.558480,5213.025844,-0.101158,5.864854,4.854884
1 Jul 2024 01:47:40.000,-1072.035285,-4281.644759,5261.252875,-0.088004,5.917769,4.790424
1 Jul 2024 01:47:50.000,-1072.849509,-4222.205533,5308.832365,-0.074839,5.969954,4.725377
1 Jul 2024 01:48:00.000,-1073.532045,-4162.248124,5355.758490,-0.061666,6.021404,4.659752
1 Jul 2024 01:48:10.000,-1074.082814,-4101.779915,5402.025506,-0.048486,6.072113,4.593557
1 Jul 2024 01:48:20.000,-1074.501754,-4040.808352,5447.627751,-0.035301,6.122074,4.526799
1 Jul 2024 01:48:30.000,-1074.788822,-3979.340941,5492.559646,-0.022112,6.171282,4.459488
1 Jul 2024 01:48:40.000,-1074.943987,-3917.385248,5536.815694,-0.008921,6.219730,4.391631
1 Jul 2024 01:48:50.000,-1074.967237,-3854.948898,5580.390481,0.004271,6.267412,4.323237
1 Jul 2024 01:49:00.000,-1074.858574,-3792.039575,5623.278677,0.017461,6.314323,4.254314
1 Jul 2024 01:49:10.000,-1074.618019,-3728.665018,5665.475037,0.030649,6.360458,4.184871
1 Jul 2024 01:49:20.000,-1074.245605,-3664.833025,5706.974401,0.043833,6.405810,4.114917
1 Jul 2024 01:49:30.000,-1073.741386,-3600.551446,5747.771695,0.057010,6.450374,4.044459
1 Jul 2024 01:49:40.000,-1073.105427,-3535.828188,5787.861933,0.070180,6.494145,3.973507
1 Jul 2024 01:49:50.000,-1072.337813,-3470.671208,5827.240212,0.083341,6.537117,3.902069
1 Jul 2024 01:50:00.000,-1071.438643,-3405.088519,5865.901721,0.096491,6.579286,3.830154
1 Jul 2024 01:50:10.000,-1070.408033,-3339.088182,5903.841733,0.109629,6.620646,3.757771
1 Jul 2024 01:50:20.000,-1069.246115,-3272.678309,5941.055614,0.122752,6.661192,3.684929
1 Jul 2024 01:50:30.000,-1067.953037,-3205.867063,5977.538815,0.135861,6.700920,3.611637
1 Jul 2024 01:50:40.000,-1066.528962,-3138.662654,6013.286878,0.148951,6.739824,3.537903
1 Jul 2024 01:50:50.000,-1064.974070,-3071.073337,6048.295438,0.162024,6.777901,3.463737
1 Jul 2024 01:51:00.000,-1063.288556,-3003.107417,6082.560216,0.175076,6.815144,3.389149
1 Jul 2024 01:51:10.000,-1061.472633,-2934.773243,6116.077028,0.188105,6.851551,3.314146
1 Jul 2024 01:51:20.000,-1059.526527,-2866.079206,6148.841780,0.201112,6.887116,3.238738
1 Jul 2024 01:51:30.000,-1057.450482,-2797.033744,6180.850468,0.214093,6.921835,3.162935
1 Jul 2024 01:51:40.000,-1055.244757,-2727.645333,6212.099185,0.227047,6.955705,3.086745
1 Jul 2024 01:51:50.000,-1052.909627,-2657.922493,6242.584114,0.239974,6.988720,3.010179
1 Jul 2024 01:52:00.000,-1050.445383,-2587.873784,6272.301531,0.252870,7.020878,2.933244
1 Jul 2024 01:52:10.000,-1047.852331,-2517.507804,6301.247809,0.265735,7.052174,2.855952
1 Jul 2024 01:52:20.000,-1045.130793,-2446.833189,6329.419411,0.278567,7.082604,2.778311
1 Jul 2024 01:52:30.000,-1042.281107,-2375.858613,6356.812898,0.291364,7.112166,2.700331
1 Jul 2024 01:52:40.000,-1039.303627,-2304.592786,6383.424925,0.304126,7.140854,2.622021
1 Jul 2024 01:52:50.000,-1036.198720,-2233.044450,6409.252241,0.316849,7.168667,2.543390
1 Jul 2024 01:53:00.000,-1032.966772,-2161.222386,6434.291693,0.329534,7.195599,2.464449
1 Jul 2024 01:53:10.000,-1029.608182,-2089.135403,6458.540223,0.342177,7.221650,2.385207
1 Jul 2024 01:53:20.000,-1026.123365,-2016.792345,6481.994870,0.354779,7.246814,2.305674
1 Jul 2024 01:53:30.000,-1022.512753,-1944.202084,6504.652769,0.367336,7.271090,2.225859
1 Jul 2024 01:53:40.000,-1018.776791,-1871.373524,6526.511153,0.379849,7.294473,2.145773
1 Jul 2024 01:53:50.000,-1014.915939,-1798.315596,6547.567353,0.392314,7.316963,2.065424
1 Jul 2024 01:54:00.000,-1010.930675,-1725.037259,6567.818795,0.404731,7.338555,1.984823
1 Jul 2024 01:54:10.000,-1006.821490,-1651.547500,6587.263007,0.417098,7.359247,1.903980
1 Jul 2024 01:54:20.000,-1002.588889,-1577.855327,6605.897613,0.429414,7.379037,1.822903
1 Jul 2024 01:54:30.000,-998.233395,-1503.969777,6623.720335,0.441676,7.397922,1.741605
1 Jul 2024 01:54:40.000,-993.755544,-1429.899907,6640.728995,0.453885,7.415900,1.660093
1 Jul 2024 01:54:50.000,-989.155886,-1355.654799,6656.921514,0.466037,7.432970,1.578378
1 Jul 2024 01:55:00.000,-984.434989,-1281.243552,6672.295914,0.478133,7.449128,1.496470
1 Jul 2024 01:55:10.000,-979.593432,-1206.675288,6686.850313,0.490169,7.464373,1.414380
1 Jul 2024 01:55:20.000,-974.631810,-1131.959147,6700.582930,0.502145,7.478703,1.332116
1 Jul 2024 01:55:30.000,-969.550734,-1057.104288,6713.492087,0.514060,7.492116,1.249689
1 Jul 2024 01:55:40.000,-964.350827,-982.119883,6725.576202,0.525911,7.504611,1.167109
1 Jul 2024 01:55:50.000,-959.032728,-907.015124,6736.833796,0.537698,7.516187,1.084386
1 Jul 2024 01:56:00.000,-953.597091,-831.799215,6747.263489,0.549419,7.526841,1.001531
1 Jul 2024 01:56:10.000,-948.044582,-756.481373,6756.864002,0.561072,7.536573,0.918552
1 Jul 2024 01:56:20.000,-942.375882,-681.070830,6765.634157,0.572656,7.545382,0.835461
1 Jul 2024 01:56:30.000,-936.591688,-605.576825,6773.572879,0.584171,7.553265,0.752267
1 Jul 2024 01:56:40.000,-930.692707,-530.008612,6780.679189,0.595613,7.560223,0.668981
1 Jul 2024 01:56:50.000,-924.679665,-454.375449,6786.952215,0.606983,7.566255,0.585612
1 Jul 2024 01:57:00.000,-918.553297,-378.686607,6792.391181,0.618278,7.571359,0.502170
1 Jul 2024 01:57:10.000,-912.314355,-302.951359,6796.995417,0.629498,7.575536,0.418667
1 Jul 2024 01:57:20.000,-905.963602,-227.178988,6800.764352,0.640640,7.578784,0.335112
1 Jul 2024 01:57:30.000,-899.501818,-151.378779,6803.697515,0.651704,7.581103,0.251515
1 Jul 2024 01:57:40.000,-892.929793,-75.560020,6805.794541,0.662688,7.582494,0.167886
1 Jul 2024 01:57:50.000,-886.248332,0.267996,6807.055162,0.673591,7.582955,0.084236
1 Jul 2024 01:58:00.000,-879.458254,76.095976,6807.479216,0.684411,7.582487,0.000574
1 Jul 2024 01:58:10.000,-872.560390,151.914628,6807.066638,0.695148,7.581089,-0.083089
1 Jul 2024 01:58:20.000,-865.555583,227.714660,6805.817468,0.705799,7.578762,-0.166743
1 Jul 2024 01:58:30.000,-858.444693,303.486780,6803.731847,0.716364,7.575507,-0.250377
1 Jul 2024 01:58:40.000,-851.228588,379.221702,6800.810018,0.726842,7.571323,-0.333983
1 Jul 2024 01:58:50.000,-843.908152,454.910143,6797.052325,0.737230,7.566211,-0.417549
1 Jul 2024 01:59:00.000,-836.484280,530.542825,6792.459213,0.747529,7.560171,-0.501065
1 Jul 2024 01:59:10.000,-828.957882,606.110477,6787.031230,0.757736,7.553205,-0.584521
1 Jul 2024 01:59:20.000,-821.329877,681.603836,6780.769024,0.767850,7.545313,-0.667907
1 Jul 2024 01:59:30.000,-813.601200,757.013646,6773.673347,0.777870,7.536495,-0.751214
1 Jul 2024 01:59:40.000,-805.772794,832.330661,6765.745049,0.787795,7.526754,-0.834430
1 Jul 2024 01:59:50.000,-797.845619,907.545648,6756.985085,0.797624,7.516090,-0.917546
1 Jul 2024 02:00:00.000,-789.820642,982.649384,6747.394508,0.807355,7.504504,-1.000551